{
  "cerebras_total": 9.947712659835815,
  "gemini_total": 15.502502918243408,
  "speedup": 1.5583987443500678,
  "attack_time": 23.484962940216064,
  "steps": 8,
  "time_saved": 5.554790258407593
}